point_id,elevation_m,slope_deg,dist_to_drain_m,dist_to_lake_m,impervious_pct,landuse_class
pos_0,913.8859533164009,1.0231720374640807,216.45549607810068,1457.3213886624676,67.96974822838393,residential
pos_1,910.0184270506305,4.768714815903657,627.622961455288,72.35264732155235,72.82333342942857,residential
pos_2,921.6063397566493,2.835651939444829,1138.4923971965356,1262.3994315359935,46.92967243991457,industrial
pos_3,913.5735017572956,1.597599710287907,546.8853795033431,79.57895887500484,65.47740779795069,residential
pos_4,903.9649594025833,6.733878396631752,91.85134184450575,26.719939269142714,73.72663467613229,residential
pos_5,917.4239258236423,1.8904006709183365,834.3081990613342,10.0,72.69387921360324,residential
pos_6,931.5600006769521,2.5177226552170353,10.0,1142.846083547246,37.272580931529404,industrial
pos_7,926.2062144469386,2.1054400853477433,69.4409792230723,10.0,79.81619477825366,residential
pos_8,901.4439714628951,0.9886581735270374,10.0,10.0,49.933588030577845,park
pos_9,893.0186779343093,3.5625448010608567,388.168026594945,532.6517005150923,65.70638054376839,commercial
pos_10,902.6508830619397,3.9768192074654625,338.2145457079987,150.6357692941852,87.02553389286521,residential
pos_11,912.6198896902087,3.2087450554774506,415.3263739000312,352.36480892193003,55.87389403860659,residential
pos_12,877.1245383804174,0.0,10.0,825.1699324829258,67.4976165291169,industrial
pos_13,908.7181250410118,4.515994006846171,10.0,409.69084881670676,61.19704922927611,residential
pos_14,893.311335791204,1.7995233003538122,321.414376863981,1986.8840091321354,80.80641466717964,industrial
pos_15,901.0159896794482,0.06735317622138792,312.41921184612454,882.105206088994,46.95559563371526,park
pos_16,903.8361152571404,3.706561918101949,215.67383202442056,10.0,38.9762635535201,residential
pos_17,907.2554976544627,3.6256988407477255,257.95933621781916,2338.7872598846075,28.51485063935398,residential
pos_18,918.174458045612,0.4138525954373269,433.0786952228335,10.0,100.0,commercial
pos_19,927.6377005416401,7.44487135766513,10.0,2609.9606081612847,83.55769433380462,residential
pos_20,910.0719800558395,0.08074690124869921,948.065362668246,42.9765694456413,100.0,industrial
pos_21,932.4969520582453,0.0,651.7226338538592,10.0,62.51926506635352,residential
pos_22,902.0220798977008,0.1916571474033666,79.82625298632934,1627.5300333702046,92.45036190008936,commercial
pos_23,917.2726510513953,5.341599685780127,174.29525192830624,401.2834387245405,61.096627472296916,residential
pos_24,925.5520527247771,2.1482865485929685,414.7988355315249,1639.605298058803,44.74443003042789,residential
pos_25,913.4101844664132,1.7558866243036166,169.82715113428463,132.41705867740075,86.93921022369368,commercial
pos_26,900.8475112596929,2.3756845577333454,358.6906768913183,2180.8210099250964,64.11102748436292,commercial
pos_27,898.1741193561237,1.3067721841673898,10.0,815.347514806723,75.19810482045129,residential
pos_28,905.1341126149899,1.1194731733458587,10.0,831.4010423913273,78.37888134817295,residential
pos_29,915.3029268520507,1.2175690123891227,10.0,1479.1152661860017,81.8295963633142,commercial
pos_30,896.855727246919,3.915911046934845,10.0,10.0,65.74497112108048,park
pos_31,908.8623663769243,4.540911771343315,261.4044333038264,10.0,23.810713473371045,residential
pos_32,909.6116248512828,0.38981487603444576,22.996969098532674,10.0,46.23908125454514,industrial
pos_33,920.1126837702872,2.9784559434767823,54.845931514008754,1203.2598181851429,81.30988936987197,residential
pos_34,915.2198868375951,4.076414482498173,350.4731518413406,1633.8033718585607,100.0,residential
pos_35,917.3305906355988,0.3364961009877687,496.6137550725317,10.0,69.29645129828967,park
pos_36,902.1925708587249,1.4948668159656084,343.9080459124643,889.4794596469874,97.59512998695344,commercial
pos_37,910.0557954946084,0.4238716753784173,10.0,182.99345679798517,22.4661299282426,residential
pos_38,923.7596320509199,0.0,10.0,1239.2096183637352,99.80191249576511,commercial
pos_39,934.4014671783115,2.7037257375800032,122.50325693512087,130.92347533755964,47.28830070949863,commercial
pos_40,893.1140170184382,1.0277352573397498,1632.9030480201873,1758.464856954255,49.73023076259885,residential
pos_41,934.7088566210859,3.762258178289094,246.2436252780049,629.2883905624554,64.00436139537456,industrial
pos_42,932.1881313567345,2.441156154769393,277.1153901162389,2532.9311675792783,75.93368173052384,industrial
pos_43,923.7196710105064,3.3252547104099888,313.20005831526015,336.61750170570076,46.04501321223243,residential
pos_44,915.9668344549395,1.9154341747602572,424.8370435478354,1475.4015309220615,89.92210606769709,commercial
pos_45,907.2911577819535,1.2300052348219537,254.39123392634286,1275.872981291899,41.156015714946655,commercial
pos_46,933.8703102530544,2.3186537297864374,10.0,10.0,72.72064788766308,residential
pos_47,941.4038747467495,2.4900077394468085,181.8927328792929,344.35268565448496,52.32367954893314,residential
pos_48,939.0245230479919,1.0882890109667602,711.9360231864458,897.3484141149615,74.2677476850185,commercial
pos_49,931.7265564710156,3.35319091022033,69.69026047780667,702.5546644143564,29.648620229301734,residential
pos_50,917.3607061598843,3.9931897119529376,259.03075453758265,521.1137416751023,50.413933670723225,industrial
pos_51,893.8752205157674,2.8161654106618528,1033.2418515371244,30.671103282502003,45.0188820583152,industrial
pos_52,911.9331880031988,5.926981777003121,59.09116725971057,10.0,88.19357994754121,commercial
pos_53,921.847124026145,1.2353219806985685,186.30784851649042,606.1072924380804,25.20624760353232,residential
pos_54,892.6745780437567,3.5411928364022067,1051.0409767400745,152.59981905471273,100.0,residential
pos_55,917.9268309027301,1.6825303989418785,305.1249918820151,10.0,59.73495652728101,park
pos_56,918.4479554223335,2.969259007350519,369.48224204483176,2902.320176079086,73.79636805463923,residential
pos_57,922.4406408594431,0.8401013208358308,10.0,817.7049353885019,19.04968509420135,residential
pos_58,894.2382304986421,4.730246754729533,195.3623420620669,10.0,54.06035164748309,industrial
pos_59,902.0744614194144,2.8520418115145145,632.7922325165131,1644.3761600890966,86.75240566530462,park
pos_60,905.4534712928516,4.884488999146335,579.7969481165966,10.0,100.0,commercial
pos_61,894.4529713834071,0.0,450.750672889303,95.4453415202666,50.180895521064265,commercial
pos_62,938.090518156952,1.5129695815984512,31.97183850056183,215.53712510793554,92.65477909196193,commercial
pos_63,904.5613390733678,0.7148683994438574,221.33094451191772,1765.6775917956554,73.50005985315387,commercial
pos_64,916.9345444419031,1.436116269416998,314.9692349596603,10.0,82.8399098033398,industrial
pos_65,908.1214118178912,1.1147806056283514,10.0,16.937905381615025,65.75003333930152,residential
pos_66,935.7520931820318,2.2589181314254145,10.0,910.1145761425419,100.0,residential
pos_67,931.8054148062276,2.4655057125443145,10.0,259.18367027190925,35.848800707114464,residential
pos_68,921.5002893423738,2.418030270606875,604.9196972828602,1377.064201635347,82.84837757925295,residential
pos_69,878.9473517903002,1.3889522529763454,10.0,10.0,100.0,industrial
pos_70,912.7804346138983,2.874850355777337,10.0,568.7223719188542,85.38274204648715,residential
pos_71,922.2552928616481,4.251230991061803,10.0,820.9679677756945,64.26697509339479,park
pos_72,927.0594236376326,0.6954488680221542,267.6358376379508,15.782061250318293,80.3508959127665,residential
pos_73,902.731394329386,2.5017772500038435,86.12483173269635,10.0,75.22825050324064,residential
pos_74,939.3301704499248,2.3518582216482367,337.291537376109,10.0,64.4933787707256,commercial
pos_75,892.1935354498006,3.436709268447525,10.0,10.0,91.39256277347047,park
pos_76,902.0770796727717,2.3722828304524706,230.22664315282861,140.73639885840066,96.85580457035753,commercial
pos_77,926.0257498217103,2.4686703928099885,10.0,1604.3467392106968,42.78625416214085,commercial
pos_78,912.7358192073797,0.5178084355437367,10.0,1172.0758209100904,100.0,commercial
pos_79,942.0358887546788,2.5434076781192827,286.9899717113702,10.0,71.0348244082827,residential
pos_80,914.827787887687,0.6562310214017812,624.3173414698507,833.3876182564136,66.58538087461446,park
pos_81,902.5020886471166,3.531408496328157,10.0,218.7071291235559,88.52858995435155,park
pos_82,906.3365474215079,2.293562131426957,330.4610276534133,1127.0095956246973,54.6559819411077,residential
pos_83,895.6328082357121,2.5797168352293296,285.26632143749487,533.046671977793,79.36354928597419,residential
pos_84,892.8347975042009,0.7176192658194125,10.0,731.1651534917837,63.45065511561637,residential
pos_85,921.4561723615235,4.107515159883378,10.0,85.5327044098479,69.3012729190878,residential
pos_86,920.7174871861921,3.8846278178643487,10.0,438.2430145000926,77.74844367458498,industrial
pos_87,931.4183822916168,4.223047858099616,21.65616160440939,10.0,70.42286373845462,residential
pos_88,900.6809131311011,6.954772161826351,75.88036393668088,3025.908083621543,63.4360928411802,industrial
pos_89,937.3366117866551,2.3949612354138528,40.35438081001877,639.2610045141886,94.1036084642906,residential
pos_90,907.68918438287,4.906805671615613,429.0648860873164,1513.0886069719536,81.47366766323648,residential
pos_91,935.6161241826688,2.2523443871521565,10.0,3907.950668148852,79.9854901933075,industrial
pos_92,905.5082122922611,3.288174591680596,10.0,46.48549401111225,87.69888186949055,residential
pos_93,900.9677506148658,3.230674855225871,745.8673948637678,47.813486653925224,28.213759120876453,commercial
pos_94,915.74678057338,3.0291835267169485,10.0,1121.0422012752686,88.18550328943968,residential
pos_95,927.4717962730421,3.8165123570407617,57.063226657201085,660.02740557671,100.0,residential
pos_96,914.4151436507302,1.8921272393215078,533.0764469141211,696.7578840254977,49.31431716004967,residential
pos_97,903.21706763815,2.5818645631629535,1163.221732861411,1137.7891473211268,100.0,residential
pos_98,891.88170428885,3.570619294683622,108.64415754985964,10.0,34.19852779079167,industrial
pos_99,890.9771967762385,5.995707800076982,343.86192608129545,646.1436438451807,56.05081527795607,park
pos_100,919.540242748123,0.8152866620351766,446.28272389596384,1009.4685068932565,83.48591416158142,residential
pos_101,926.8456954992871,0.0,274.079967465669,10.0,58.045338685059065,residential
pos_102,909.5355811106207,1.5318290177046032,109.80241406326365,933.984497916651,52.19846188817445,commercial
pos_103,895.8845271265735,2.6798568659615727,659.2143147159956,83.77685015759931,73.06087527403162,residential
pos_104,925.0956322893256,2.8499541864073805,10.0,134.68829116985245,78.74560959387736,residential
pos_105,892.7940908292815,2.6844355715734682,313.7434834334289,1999.487499684441,87.48871157902853,industrial
pos_106,901.3039785741109,4.865580245357566,10.0,659.9336422706422,64.55695753636209,industrial
pos_107,921.3152678031015,4.45209958556776,582.2552193837604,129.2897332549216,29.42773364632764,residential
pos_108,878.2478823963811,2.401464190097408,275.48111209400605,1306.3299946177492,81.45206930679711,residential
pos_109,917.7955439634945,1.5609057544956264,71.90185956845266,652.9056593099749,95.90855607365131,residential
pos_110,903.2753874538574,1.807982237234988,649.4056598410457,813.7693974507935,60.774820539175494,residential
pos_111,913.6391954621672,1.7873916940348038,263.751456766956,958.1217971706917,85.73464168131034,industrial
pos_112,910.8644771066877,2.0488010523437237,10.0,295.08985851388684,42.73545557131581,residential
pos_113,915.0317159256595,0.0,518.1312019128663,1527.3854602442827,55.552564169696524,industrial
pos_114,922.4125790506051,1.5779185127147546,10.0,10.0,46.27140245562231,residential
pos_115,900.6244537365238,1.6502399574080675,10.0,161.40874319936916,71.92082224738328,park
pos_116,933.3147303346788,2.122239228604079,384.13795841894193,1066.5379262790918,46.57018346552066,residential
pos_117,922.8914068342165,1.9913999751597533,382.7299701811022,10.0,100.0,residential
pos_118,924.655989934549,3.844014283255074,1306.7729193613304,713.5645517970545,80.24799022851407,residential
pos_119,929.4729597166654,1.4361132880740162,759.9990264359926,2541.548038873442,70.87178526365621,park
pos_120,923.813823325588,1.6228445971382355,222.04938481498124,1118.622899174528,84.31636864891932,residential
pos_121,924.6611802086788,3.583877509336081,80.32334093238248,920.5538364861959,95.5494218512316,commercial
pos_122,913.1339041611433,2.029370306511536,995.8041933816082,2324.273713627108,77.77512882906422,residential
pos_123,890.598392235154,2.932909453691351,10.0,215.31588930400181,53.268868295512604,residential
pos_124,909.9743234994448,3.838671396712212,10.0,687.2475687754049,71.74584533581029,commercial
pos_125,900.4572803973495,3.3439389895561096,27.633369915335834,1892.285844338272,61.27335248047228,residential
pos_126,890.6588734722689,3.0003248959686317,10.0,10.0,80.7711523110155,residential
pos_127,915.8767918636948,2.1071168846483608,252.3903586153799,1212.4106432926503,62.2578872448055,residential
pos_128,903.4717581877853,3.863788206186414,703.0166003416102,10.0,71.41724083902525,park
pos_129,896.552933429828,2.8510998825300007,90.02648426820352,1498.06758305897,91.00261257847866,commercial
pos_130,896.3549837989265,1.4902944978765034,205.47712868639803,122.31211630460211,54.02775989372539,residential
pos_131,916.0262561956337,2.1983816260019795,10.0,10.0,67.04631341528915,residential
pos_132,917.3800792375552,0.06374124535493797,532.8077378913542,10.0,65.33224377557946,park
pos_133,931.8368620465025,0.5768880517061747,10.0,1691.1871743257439,57.80914939925367,residential
pos_134,911.7912799721386,0.0,20.073702943512075,10.0,100.0,residential
pos_135,927.6275963881924,1.1401372367861766,54.2441056013304,24.051102009655153,93.38755785889742,commercial
pos_136,933.0339724015878,5.1710908432617675,350.8747777403597,20.302888135950326,56.82575420695313,residential
pos_137,929.2524845422454,1.3870223200134935,10.0,265.21532340930963,57.156254224588345,commercial
pos_138,876.5204414058454,4.075081634205403,2391.6828538912005,10.0,76.82695906853101,residential
pos_139,930.4302557880513,2.4931002915543967,200.24760596263678,211.7864009800976,95.33015063597789,park
pos_140,917.0943001237297,1.098902353816932,10.0,1779.2476991457129,67.95092203225312,industrial
pos_141,918.3565702928003,5.176559030255817,2036.1520128558986,3315.5972207799628,87.04999415527129,industrial
pos_142,917.5684112660439,3.664411697146284,150.0841552592483,10.0,35.05836269264098,residential
pos_143,917.7413574040614,0.0,283.3348822570304,10.0,78.0871950001198,residential
pos_144,916.7912133037858,4.58280439637338,303.6925645816737,10.0,96.50646101060272,residential
pos_145,906.6163003719207,0.3504170095534951,769.2593781182264,10.0,73.2473896976593,residential
pos_146,883.47547052436,2.1441721068347372,380.341362171594,147.1496493741808,57.291078604548325,residential
pos_147,910.3662790813886,3.8362268433677897,22.06827689382544,430.3550004456728,92.22504893018485,industrial
pos_148,899.9440222721898,1.9002936788016402,92.90171077448406,1973.539551980196,50.332249429092585,industrial
pos_149,928.2024511880683,4.737888111234415,10.0,1409.0892402707395,64.35616311260966,industrial
pos_150,907.6685024100693,4.0225275210263245,209.67926742163314,966.3968973550484,82.28020117329213,residential
pos_151,913.2521303416052,0.0,1240.2848826605216,194.0063053741457,51.841996582263135,commercial
pos_152,899.2559106658479,1.5551316871324388,1067.0695120275398,10.0,100.0,residential
pos_153,904.3406629815281,3.0641474664427295,223.55954922715085,919.2778978935089,66.20946352795514,residential
pos_154,911.8270040747012,1.350002637469916,10.0,611.6599512850637,29.751445027741532,residential
pos_155,889.7193722360469,2.067446987637724,149.5422593966752,10.0,92.08043964367376,industrial
pos_156,916.5102767144191,4.099569822777903,11.907502181229546,547.2025711800835,77.24836402161351,commercial
pos_157,910.4089161982837,3.1335626133669106,258.632976643697,10.0,69.26542032568705,residential
pos_158,894.2142029249214,0.6587619296902807,1088.7827050215874,631.7683218125644,79.8564938725597,residential
pos_159,876.0265070190335,2.849212738707274,10.0,295.5443495299707,82.86397992298708,residential
pos_160,919.6957820082046,1.2754607297802556,316.4298764575843,90.90481890130383,67.97754059133308,industrial
pos_161,907.53623941585,0.06961528154242647,640.6404757987548,952.68822876117,83.89381787228388,commercial
pos_162,904.0498738017276,0.2398882999958687,197.10244553715938,10.0,77.96129226540992,residential
pos_163,908.4576805522058,3.073911074201837,10.0,2528.0506749516576,89.21516478432812,residential
pos_164,939.2471391132171,2.443772588012876,882.7128310411456,900.7034169448211,60.48500461030728,residential
pos_165,911.2529854641053,2.5108636171168515,309.73037629412977,301.4381457532731,62.456541132192356,industrial
pos_166,913.2992889448282,0.20758190425516787,322.6064274132952,10.0,82.7255292139253,commercial
pos_167,889.693906954869,2.132140900024849,61.18008354727101,10.0,84.18383921883125,industrial
pos_168,936.7100859953415,0.42566478450181755,10.048210022942868,2365.3881803898607,69.68329276864472,industrial
pos_169,925.7623197516644,0.6472123328667427,133.22503291291395,10.0,72.07771147602313,residential
pos_170,928.0040230050777,2.169746486419124,731.9069572971146,10.0,89.2272285406035,residential
pos_171,912.7150909681752,0.0,1355.8146043154,10.0,53.11256887935282,park
pos_172,925.749821832369,3.838534532734223,10.0,152.19596352651882,46.11755145209719,residential
pos_173,917.5642025264161,7.473765702545818,1685.5920725717108,1699.9753161132187,86.02302893863445,residential
pos_174,921.197836167885,3.4176464981814756,10.0,1315.1371135698844,77.8460530449983,commercial
pos_175,909.7171056238757,0.4141937220089882,26.2235264009108,1227.0909572613787,56.03504370637489,residential
pos_176,889.8916807793706,1.9576289716970305,557.7441848341808,928.9695422766383,64.38634786064,residential
pos_177,927.4328152170477,0.0,10.0,10.0,54.90919484162886,residential
pos_178,882.9756054508543,1.7447672374155574,442.83674815933944,291.8593693609301,59.64653644013606,park
pos_179,908.4009499311295,3.514627871138769,10.0,713.4746196853696,96.53275678041581,residential
pos_180,908.9321626740051,3.678769532371545,229.69525358754095,10.0,71.07626520552333,residential
pos_181,896.3570978852324,0.436514492283135,766.1719005719991,2281.0134789505155,47.823675985454344,park
pos_182,921.1968470450487,3.098291306973249,10.0,1312.6672657518875,80.54704828139828,residential
pos_183,908.9950544788564,4.812816050010892,330.43580929866846,2103.4596580841626,80.5972459203831,residential
pos_184,905.4469751160408,6.010183170198194,107.48921804195118,886.7171373931933,68.80439581051736,industrial
pos_185,919.7976259646646,1.0984102346025792,10.0,682.7732425610556,68.65291785569602,industrial
pos_186,904.8513143916238,0.7715999758414331,10.0,1195.0328756610045,80.11397021982218,residential
pos_187,932.8346996225746,2.6088317382407915,720.868441406142,10.0,85.42430747145652,residential
pos_188,917.2718261428097,0.0,140.24895519764874,10.0,68.06757379120756,residential
pos_189,904.8850051974835,1.4379319976982292,91.25199346037576,467.0979795357582,58.72029900269191,industrial
neg_0,890.8360253602168,2.4580500613757623,545.9969369627224,712.8314625515121,55.45690288729664,residential
neg_1,900.3837020464828,2.081316024924225,519.9532722230318,174.4636481378652,79.61185762149375,residential
neg_2,936.3024617715255,0.0,119.83294171651598,515.7050737323193,75.4755607478142,residential
neg_3,919.2409390533298,2.508897784540695,209.10836402722072,623.8525152025669,51.5862966895332,residential
neg_4,915.753124014807,1.4467827598886365,237.37903612026207,2591.165461232237,100.0,industrial
neg_5,944.6487742136404,4.514966116916245,992.5283804088665,137.09658653258268,100.0,residential
neg_6,900.7602613388915,1.1630503651544744,257.1959417449289,181.2014315678556,38.95547397546048,residential
neg_7,911.2151330023796,2.4353097404775177,2577.0979949101466,1198.9048627708898,80.5987106330074,residential
neg_8,912.9111848486227,2.534104149763194,325.0163113967977,910.1899968543894,40.07450659569958,residential
neg_9,928.7950592229695,4.1351428426490395,1105.6524835564476,673.229493983117,60.88329601888482,residential
neg_10,910.0469720254393,0.0,93.45653034559453,874.8400557600708,91.07627868806115,residential
neg_11,910.7987322707896,2.318750128407999,37.98831542023979,195.74491045895329,75.48068093180072,commercial
neg_12,895.9227590467233,4.5192302985473525,30.053026155555106,350.41866906239585,36.1246124708906,industrial
neg_13,930.9402410602678,2.2766235255468645,534.735042816343,103.59462886220565,70.35736180552078,commercial
neg_14,932.0920903777253,0.0,405.4453143324758,28.0703532137011,10.941186973129,residential
neg_15,912.8543487889825,3.653196345167915,446.30662021896444,3300.2675650335123,28.277314426677872,residential
neg_16,922.4500991831195,3.673373812487018,177.8028019591082,14.036790259930113,60.70555049828476,residential
neg_17,900.6103081586099,2.4590212160853433,240.63424856995707,376.22167862401847,43.48721632347308,residential
neg_18,912.9228026788865,0.6804085854165396,1136.3498949443808,785.4020789446287,91.54680395710265,commercial
neg_19,940.6692642908379,1.5186497089458344,306.9960000088205,2671.640151330709,62.66993551230642,residential
neg_20,922.035961011007,2.372486982127146,1039.3854072648758,667.1676121397917,85.55184987844297,residential
neg_21,954.6554523019383,1.2489342884834278,1568.6951850044356,328.554511423682,62.351619514598696,residential
neg_22,908.1921088676427,0.0,615.0861563336343,124.01590651659733,63.389975958365504,residential
neg_23,928.7042662508646,1.4614264021376737,45.324178112235494,53.55432627768087,63.45664671100452,park
neg_24,917.0674125825035,2.8765121310564488,264.49294873664695,1670.2351568770735,99.33034081315867,residential
neg_25,928.4872677024214,1.9858798654168905,384.73275008770366,511.82587914819084,92.35200311138055,residential
neg_26,919.8918296051187,2.8488543217231945,13.760938611654014,1924.0542828945934,37.62753747482765,residential
neg_27,911.5820283438626,3.1673159579258474,258.44016876598545,99.64319871952443,54.802590730899496,residential
neg_28,906.9857485351745,4.793151000728641,10.0,224.11016591764127,93.72039659717927,residential
neg_29,965.9905510857335,7.407648246903112,62.714006159723446,209.13747865014102,29.882124259254518,commercial
neg_30,918.8398241041367,4.463557680252812,599.027308291453,1928.4322214366277,96.77951248043121,residential
neg_31,889.7500896465014,0.19134290690234268,515.5663341891612,1161.7340016069768,72.68899035653354,industrial
neg_32,910.27099088145,0.0,12.108153690752669,478.44323468177265,39.58809054297336,commercial
neg_33,930.17059590686,2.8110756626613735,344.8832980772665,109.14652667238126,15.562417053454752,park
neg_34,912.4998735022288,3.142776870515927,379.2143206621717,4896.303310749742,61.19939915701333,commercial
neg_35,940.4066930372788,0.6762533883308479,412.9011723540061,96.17230532113483,94.86303083387472,industrial
neg_36,935.0359740926593,3.544064274404149,2108.9149857602965,89.6000558779265,64.6899957134094,commercial
neg_37,917.7149204626364,1.4661208242624064,524.0899305515784,1298.9782952750502,71.0854352431353,residential
neg_38,912.9167608583593,3.805339465563274,236.64468191698882,144.8074396385282,69.73570387209205,industrial
neg_39,904.9279848945846,2.3489636540563428,51.65691500574956,1642.9583157484515,55.08561207071667,industrial
neg_40,909.5005018653002,3.794925181449277,174.5388546617515,50.518908241858426,67.94427253791389,residential
neg_41,897.9028538800156,0.0,174.98271650684237,1247.7820012618163,47.44513444569939,industrial
neg_42,938.0659443729962,2.123066249801401,253.748698818693,268.19909539529857,48.535770612512536,residential
neg_43,943.8605118068909,2.702807987054909,455.78896806163584,1398.987704365698,41.52535149668478,commercial
neg_44,901.157928954084,0.1502505498001372,49.20444522230676,422.2128074045724,52.52041473901016,residential
neg_45,902.2747553647031,6.764676516453461,97.67141613485067,1676.0965828353292,52.50804999932315,industrial
neg_46,893.4723221436963,1.9184531758089522,221.01675595000597,439.12283467246607,63.733006078472386,residential
neg_47,905.5421865390174,5.779943458016752,238.25406172417115,78.77909242477634,53.08855467757479,commercial
neg_48,873.4049479807506,1.6713158177599108,227.0503034394457,487.1418532322438,26.85164737485419,industrial
neg_49,902.8658156505212,2.5400576890379933,171.37263289820683,250.11322574854952,37.88992605761789,residential
neg_50,939.4537309970078,5.36780382342004,135.2726006933891,231.15727662139088,54.64024456123242,residential
neg_51,914.814912058033,3.607653690055586,61.43221826373135,1517.5475918950979,70.58279322641748,residential
neg_52,932.8187635228011,3.3841087005797212,765.1361943156957,709.3769727587331,54.210218870382796,residential
neg_53,912.6654640423693,3.531886896352435,159.3569564318632,146.09343226372286,67.81553935651873,residential
neg_54,946.4100094548968,0.26768424751826636,60.33699167626256,740.8438236713861,29.227551819850376,park
neg_55,922.9882697452078,2.2208930527237376,23.943236160617573,463.2107782575267,83.78567701991945,park
neg_56,914.2699656178478,1.0871086922366064,22.93329334406348,761.613625941645,50.77493241334931,commercial
neg_57,958.2863603805662,3.3948273046286306,322.2538963799974,880.531061291941,43.882385843258064,commercial
neg_58,915.1329221557185,1.9120037391929958,10.0,345.6108016652855,60.775134637431975,industrial
neg_59,901.681649754108,2.911881757000503,133.1729854019378,253.34190107945784,69.01429596389549,commercial
neg_60,923.0286500294017,2.8454148734781155,620.3635119752745,17.39826602771628,55.47986012843136,residential
neg_61,919.4174744216288,2.9272592301899736,37.58070868535089,92.31866241543146,73.2008067279529,residential
neg_62,935.9948682974939,2.9305057561769403,50.82112488550842,27.14120069486597,24.67804676616077,residential
neg_63,906.1754911325328,1.6952437872328034,570.771085547837,1011.9296274130367,57.99876901046189,industrial
neg_64,932.0707539721925,0.8919944088869314,10.0,2596.645832894141,77.22061246769033,industrial
neg_65,932.7912270586144,1.671287381292749,627.195165708512,31.676418496331742,69.5911840646191,commercial
neg_66,909.984690620974,5.143076681287297,99.7615797427637,756.1358451023918,54.32751568540477,industrial
neg_67,922.4486600858402,3.7483236129297057,112.2224993249338,639.0536431615861,66.50926835922937,residential
neg_68,907.538720647185,4.173910721184031,1455.2971319590822,1068.4470658738167,95.13448172961786,commercial
neg_69,955.18712110761,5.759935832608695,28.850867791016217,1681.784403910121,37.41336944367462,commercial
neg_70,909.4379065657974,0.6411381336536737,230.17496769441195,365.1226985980416,65.23922516551205,residential
neg_71,913.2038833449693,4.019904842963642,16.60640204509075,10.0,62.52409552673216,park
neg_72,904.0124296705494,0.8498517895945095,624.0472768974759,223.89396227501717,73.96027525123726,residential
neg_73,914.8081808724024,2.331334802266224,249.09771151693144,3244.617099083024,37.17592176777334,residential
neg_74,919.9118595995465,3.968479685541311,15.952322323202079,943.5414356457695,92.03599307982778,industrial
neg_75,931.5168370301703,6.2286905342728485,1143.2050681787964,1077.084115692307,77.43216490680592,residential
neg_76,910.8427003090145,1.4356701150496232,1105.5044844033619,2541.254270537798,100.0,residential
neg_77,917.2133906199263,2.8104074928123146,190.06689766507924,264.7201039380299,61.61268970347208,commercial
neg_78,898.7526595037893,5.312473607909835,643.1485534569221,767.1673104417546,47.961734093227406,residential
neg_79,907.5889665985077,0.02038376126925545,186.1921345479588,111.33539739351053,24.063414160491014,residential
neg_80,961.3371133741392,3.7242258294131223,265.99337693436524,1432.9250188721335,50.55916029918665,residential
neg_81,935.618647875422,2.383443699204231,15.810770645306235,1782.4639235692844,34.62166464136261,park
neg_82,908.2786393748403,1.236610057059888,363.4954889218154,502.72161915064055,19.776413436348278,commercial
neg_83,899.9390413770757,3.2932616461472173,1018.8374792024446,2188.0863902075516,42.67664655951471,park
neg_84,905.3662575410051,4.189851723693648,142.3231513271828,23.038342347372147,54.76781321509574,park
neg_85,919.674637107294,1.17580047534758,342.13695954920513,395.88037879636875,56.66174458787648,residential
neg_86,920.5209168253879,3.7599795636934825,52.375520326847116,771.3564342114595,100.0,residential
neg_87,908.8345909860371,3.3467399792401946,101.28672249714023,525.9050854863925,91.18576390958759,park
neg_88,900.7013829989353,0.5163733879945713,30.667738378308012,143.0829347787863,63.921725699213354,commercial
neg_89,941.3356775787267,6.106825733880246,192.5902841430726,271.34249497621346,74.41147813396314,residential
neg_90,926.7752817694264,5.179805339640291,89.68627632597067,2444.8305558314255,52.46063943285918,residential
neg_91,914.381479706481,1.2801465042217643,187.69667613742246,899.428532364735,51.725324563601376,residential
neg_92,916.6900818827587,1.826738234538308,678.0977287557383,1259.6838174190732,69.97044914812591,commercial
neg_93,912.057043113115,4.541560467495136,43.08488045935796,1134.9931433104844,57.77292679876435,residential
neg_94,875.9593183097434,2.009101905234256,187.1711434804024,454.3403860990932,92.02261570713286,residential
neg_95,921.7349274063894,0.0,10.0,1716.6573219945312,75.04662667465232,residential
neg_96,903.9418338545635,5.097764224801454,526.5999837111943,194.19315750148712,39.30330826500007,industrial
neg_97,904.9597355145077,3.017562845931546,2588.870411148774,1335.0104737212123,30.195643048121575,residential
neg_98,910.3960639191444,6.814052381929835,76.51283309805575,679.5024173526184,63.18240481032776,industrial
neg_99,930.9845257206695,3.714934246337972,265.9648332185879,317.2449991246328,84.0875577595406,commercial
neg_100,902.4420378738847,3.3819849787660257,492.95728310368145,1669.217717824144,39.0904708674096,residential
neg_101,898.4857781048881,8.749000962788262,1003.0006716108165,922.9568811180885,41.41206993253138,commercial
neg_102,929.5977811275857,2.6562653080971366,78.6194620696561,1554.1656932462206,100.0,residential
neg_103,931.3155335695933,1.0963684702462413,269.0418879879581,2296.912015786181,60.60154364716169,residential
neg_104,905.6159943830867,3.458395959138496,829.7720973936354,1031.7112147034838,53.37282241806082,commercial
neg_105,928.4359651593944,5.271509806042133,21.131110628798826,1568.1670275402391,100.0,residential
neg_106,915.6255135437788,0.6697597116271425,11.110094619287162,707.5668176639532,54.12538791890048,commercial
neg_107,924.5193826483033,1.1834697813890873,431.4571740804782,838.8210623124005,37.4212729102033,residential
neg_108,901.085595799017,3.899554196752859,426.1542415413089,794.0950311128914,61.67445840598809,industrial
neg_109,932.4934167404125,0.0,241.2950632891117,210.86022581782666,35.02789184452364,commercial
neg_110,938.0488843117474,0.8146426840353875,264.86479570927025,784.6189123606908,28.29816542452436,industrial
neg_111,929.5560985343927,4.5909681648841385,1983.0107843246985,227.45757028573803,79.30718490751612,industrial
neg_112,928.3750994254272,1.8265201676938079,523.7223842584373,641.4852450298838,48.860943464117916,commercial
neg_113,863.415872658159,0.0,295.1926168778502,832.043966246327,69.8216391528309,residential
neg_114,923.9094462360041,6.851133316858613,228.02470180777513,209.24752747832375,37.853071767606956,residential
neg_115,919.6183202496119,0.17892968545346344,353.81930119130595,1260.1675017712996,55.1950358716346,residential
neg_116,917.794317397305,1.953268906080188,195.34728890578006,351.59107336469424,35.41143288599834,residential
neg_117,910.5413301504346,2.2545370014186092,92.48381032700249,1818.981125969552,41.13076724253092,residential
neg_118,920.8304746237033,3.166288787955403,132.70442266326336,509.657196643241,95.02873237709541,residential
neg_119,926.181761076925,2.260989596192103,118.98951866365863,1727.894868274662,75.01000722569883,residential
neg_120,916.0431775918906,2.8380698428657802,493.5925721733401,1474.6210369346356,73.64901561548072,commercial
neg_121,913.0501379043519,3.1149891581518196,245.49942280364593,890.7177962093534,59.588481345798066,residential
neg_122,938.446307164089,2.8266471424671544,861.8376145094642,212.55244323226458,53.05853002166809,residential
neg_123,903.4194933909631,3.1865476813864833,827.8571007395577,837.3724021468418,59.48241930971359,residential
neg_124,935.4523279673582,0.0,621.3103050809258,691.1341968579354,51.40248971410858,residential
neg_125,922.6521869559579,3.8821293955351273,124.81412219017133,282.58956613030233,70.3233582793822,residential
neg_126,907.9354153207636,0.1910866040379271,10.0,1335.1495925872002,58.13389697374623,industrial
neg_127,915.6502715589603,0.0,1775.2101431482365,62.066805567055816,63.96678469910695,commercial
neg_128,906.2000959578171,5.762695812982414,406.4847993349624,151.59833352935362,100.0,residential
neg_129,930.1259677761416,0.4289694416017884,402.10162595200353,596.6271569609402,59.95583847894445,commercial
neg_130,925.2185264295571,3.359738211908418,259.22875813651035,325.67509096538186,38.258513428731455,residential
neg_131,911.6480573727023,1.4548770258702426,194.27258103258507,572.4252765280886,91.88343257078591,commercial
neg_132,903.4667255141867,1.6430675682591058,183.46094611134816,282.14727473391196,39.38976956056605,residential
neg_133,924.525741402516,3.967309537164317,522.7059071559534,549.9639798330525,39.30516156362573,commercial
neg_134,934.3607841026289,0.9035500816169835,75.94151852337595,1255.7439309860965,96.25150371126011,park
neg_135,918.2924547592718,3.7453485508299647,222.706197845234,2317.7820003700313,68.93986450801353,park
neg_136,926.2752875133383,3.7613849524860186,307.2034452480816,83.08778674692586,39.82979279466359,residential
neg_137,914.3595927417539,5.328895827872294,119.47788425063155,631.4199019633825,62.024746881227635,commercial
neg_138,921.0135380901414,2.327573559005898,64.4534677760359,111.27091955000417,88.36039560165949,residential
neg_139,915.6307563290947,5.093164506728421,97.93766242760566,2360.6671519517263,41.917934579376464,residential
neg_140,924.4106321446247,6.44138941348413,825.1326948364813,1540.9243561690182,64.33285789427875,commercial
neg_141,897.3534123044641,6.17336455884093,70.88828248504122,1247.2122619785816,100.0,residential
neg_142,929.6628578478453,4.17215391358279,503.7163323950659,1321.459989937119,57.4839605329638,commercial
neg_143,916.5510127759503,3.898332143858008,129.65984177220088,1218.8422684135708,26.658589175785636,residential
neg_144,925.3791210147408,8.698909921451882,135.65415827010946,100.84337936270467,52.435195587099074,residential
neg_145,914.8953480880068,7.4643519175951125,114.3272857524834,1594.0276201762506,54.43470385252263,commercial
neg_146,924.8054178406115,1.4667654317824521,299.1721566671544,509.8880673136662,49.63229908651,park
neg_147,903.9115579380662,4.847218072556578,714.0316621168574,540.2875542012483,95.06806530197282,residential
neg_148,937.8373161873269,4.2039184641271365,78.6617037277035,90.52430082832123,64.2585204284423,park
neg_149,894.4468311854405,3.144534922996642,30.317643909818376,317.1199513204072,60.84570184407587,residential
neg_150,904.4114177783122,3.306624596244302,140.23043778841563,274.6408745035541,71.23569519368492,residential
neg_151,923.5349910430945,3.9755702249246276,355.259933876183,658.8878712211883,63.20710927987879,commercial
neg_152,941.9426342777687,4.874716954659199,218.7626154889232,670.738223926836,21.475566446596005,residential
neg_153,924.1718945271205,3.437539723303269,164.6465678347504,482.2694575118753,73.62912859949236,park
neg_154,916.2813731708137,3.679587429119534,59.08680761858188,1107.2180933613356,71.07327702416502,residential
neg_155,898.623647851351,5.784280628285282,53.622467409998656,133.8555557441381,67.89896171031553,commercial
neg_156,917.130850033548,3.6354404868547374,56.8690332180512,800.8844704833873,74.8021844559455,industrial
neg_157,919.7018448343686,4.090044963426163,107.56991929614298,656.2698755061141,82.42019460461698,commercial
neg_158,945.358529680091,4.980460193158869,449.9421503628369,10.0,87.86285939631583,park
neg_159,929.3318783240867,6.266524832116843,167.55212579049555,228.61246729378468,28.07075314505733,residential
neg_160,897.0636068760733,5.454081858400794,307.6744998659825,329.1894850443678,44.886721263982146,commercial
neg_161,950.4016864286478,3.7544299056537853,342.94222538257867,239.24665051336703,39.6662630795514,residential
neg_162,914.0748518675181,3.415630907952128,636.4374015749108,119.38056384812768,50.90043333912753,residential
neg_163,906.8081042794353,0.5527928442971728,1306.5576152796966,189.1465884663486,67.37139767649778,commercial
neg_164,942.1223397813036,3.584125088207103,103.87036609572593,1141.428611653135,24.29119250829833,commercial
neg_165,919.2536635955455,0.9256604801083546,145.3749713603557,79.00532092893322,73.38005808541297,industrial
neg_166,914.4889610093285,0.9519211169684847,1321.4359317103495,10.0,29.716816432096415,industrial
neg_167,923.2817898340285,4.301017854938102,153.3366070111861,353.501280432148,40.128273440348366,residential
neg_168,932.6733317056357,2.7988456328484905,107.34560075556156,452.89642369126943,35.60462948451437,commercial
neg_169,934.9000430667447,3.9444189920587367,29.86960594364642,240.85641052714846,50.13675471198772,industrial
neg_170,899.3719639992089,1.7460737652440022,79.90188320365903,181.03090194546445,66.42263039871635,residential
neg_171,949.9772220540759,5.402408014952326,277.7436190978162,59.60174965124706,18.847991830887374,residential
neg_172,934.2029238199344,3.287544360112469,306.86809265165306,1788.9780938916872,91.22904098434859,residential
neg_173,914.3119840698027,5.375456654067237,115.25184644681335,931.5572997554534,40.694418554771914,residential
neg_174,907.7201022271788,4.346880980363651,401.94106495438416,1094.4365253413116,100.0,industrial
neg_175,905.4648135386269,3.3304980771973245,128.9247358155223,158.5393895485912,29.219880483197542,industrial
neg_176,921.8506765636428,2.0429451777785568,696.8415047189984,253.97665519084626,77.27301729087979,residential
neg_177,910.2797555871556,3.063015155297728,96.32656619498326,4690.490530188662,71.3907896908913,residential
neg_178,908.5268905207022,4.656020970973241,76.21318633514574,436.58670697563355,55.340392238489756,industrial
neg_179,932.1688160741245,4.39531546830792,12.041305854150261,734.2299016362592,31.362495916402015,park
neg_180,925.4685101573948,0.6088306949925157,605.6949098189232,553.6181135570463,50.63440521997589,residential
neg_181,914.0814311236443,5.051364105491891,1879.6450399563796,1026.1303943089354,85.7921964274529,park
neg_182,931.0137139427806,2.5721841170497837,132.91363545899551,153.11183164882317,77.16313960868663,residential
neg_183,940.510679394585,4.630527442007755,1058.7544967431545,1097.0351002778507,77.20440336909076,residential
neg_184,903.5825553105553,1.605023477178877,518.4761980790253,308.9698372650299,89.8463604980276,residential
neg_185,910.9506217378663,4.27571057531315,524.1505318780992,1044.9033725407412,69.73401962934965,residential
neg_186,934.1393276032982,1.4068162343475958,371.4073546924553,228.77257212833547,58.76272369432733,commercial
neg_187,930.7841084872258,3.25871366331847,85.0082282512971,498.302581362163,77.45838288100408,park
neg_188,923.4004828465698,2.403940386560701,196.24892057571483,2624.6624815293885,73.94731153813436,industrial
neg_189,937.4363178133768,2.428854866281183,197.71115559113431,975.1842687878245,87.55434995371596,park
neg_190,903.6768240632135,1.866825512818187,601.2388994647902,518.26156350214,69.55361166806678,park
neg_191,897.8129324934334,2.692841807498982,42.05602056057335,683.5433800228018,72.22818608249023,industrial
neg_192,907.0023896408466,0.0,160.54652619136388,14.699823339227255,80.24749664065556,industrial
neg_193,921.8381614330406,4.753199386802838,843.7552430542819,2457.726090577311,60.00535448759991,commercial
neg_194,908.0586983735734,4.923373174176776,162.11439207881483,233.9053377964889,38.314174623578836,commercial
neg_195,912.6917276536296,2.1144522543060353,10.865063197775953,133.98814644932173,59.30068516856268,park
neg_196,905.3749982134955,0.24049074818413319,21.644134721701057,267.64695232663985,61.98907150075599,commercial
neg_197,910.6935628310764,1.7065814603594471,190.77984271848345,2747.4056223458338,82.55331502880773,residential
neg_198,904.9281917151051,4.895228659395752,1286.3632617773458,1102.2508088767083,73.06402009055782,residential
neg_199,925.5119930861842,4.251041546763548,445.27662336544785,231.23724833110467,49.991757572985165,industrial
neg_200,931.9233660197483,2.3992928781624507,535.7250527506874,990.2659967057625,64.62515891071675,residential
neg_201,912.7933109072268,4.794549560281168,370.45798847421014,498.49779107117644,54.03708590767419,residential
neg_202,916.8910130679399,0.9170384873349611,36.011753247266824,10.0,50.123028290843116,industrial
neg_203,911.2845114123213,1.774727337818017,339.2932201373854,2846.738545184562,76.28489072154399,residential
neg_204,927.9687682345428,3.9492144933669793,138.99455142365457,759.9804185132865,39.109576664638,residential
neg_205,921.3358405810883,2.808173340591083,213.39460780224644,2703.7507958081987,81.27741615415933,residential
neg_206,943.9123535050733,1.821548601689593,172.14551801224692,151.3943689847765,53.14158467172545,commercial
neg_207,903.567919450437,0.0,140.1057438460333,2733.3754830751654,68.64340085088453,industrial
neg_208,925.4375374878657,4.342432669224031,164.52594588738933,190.10588742979382,52.00236185720422,commercial
neg_209,926.6598709947,3.647443626794624,30.42619057133781,23.19346497024842,46.75388956109268,residential
neg_210,914.5933974351366,0.0,410.2251568679806,1717.4657860182233,47.40073777746122,commercial
neg_211,928.7530119107412,4.200651372217055,262.30662638339345,2023.7261718944812,76.90317360707954,commercial
neg_212,898.4221602651435,2.9712724824828265,131.5025943661512,1558.681803805139,26.04622986996082,park
neg_213,951.7820454609398,3.5576695547486312,97.41626770213392,1326.4336043167502,62.35576664231143,industrial
neg_214,899.8693332007034,4.890386413152,79.72811876925682,563.9040944739132,47.12839140785757,industrial
neg_215,933.7971089084748,1.5202263901013453,493.9723036592871,1214.487431718343,49.86065032402436,residential
neg_216,903.1831598159116,4.427128428478267,14.314917406528584,170.66566739350077,96.46739784779757,residential
neg_217,937.2632454684763,4.3677083039669,174.16434256257892,80.41636707276425,45.978845979947394,residential
neg_218,914.228389600865,4.523031478520355,14.665303632509442,473.1460445412662,45.25733207097357,industrial
neg_219,922.3763436074331,6.271911556612346,307.36434184197736,448.3730379141578,29.06451755518992,commercial
neg_220,920.8001563356011,4.317469685509393,121.38004668464377,85.9239793992223,22.596907275599122,commercial
neg_221,936.511011425372,1.8768845793216258,185.66960950043116,1029.6431514436322,55.171815426860064,park
neg_222,915.176788247856,6.596768840277096,764.412535139368,641.7827866432071,46.292125963166015,industrial
neg_223,875.4922443502409,0.7853749087904376,578.2402730199434,1258.9079966799588,73.817876042261,residential
neg_224,908.5991181490335,2.074552811283972,239.6211223793852,13.045040122338266,64.0510310326007,residential
neg_225,922.7556848463342,1.071060577991214,24.65120849950023,247.55337192121786,41.796476089510364,residential
neg_226,913.3929769269461,2.7944784009163035,197.1975419199081,1496.256386571441,89.36979502385952,commercial
neg_227,931.5473127698119,5.164438566420711,90.92220122589015,52.65393506181778,81.98989503970839,residential
neg_228,935.229904939617,5.5955719136811695,284.45692425541563,521.2204894292449,60.380050792528614,industrial
neg_229,917.7834228515029,3.9270348316078065,821.9221709079552,1227.886349957916,75.67172289347445,commercial
neg_230,897.6553190842624,1.781217872837505,1007.320047164502,495.0238669059251,94.25816727374374,industrial
neg_231,940.7624766500885,1.8927588036989311,445.45196555515156,457.6984087121367,67.87284720584408,residential
neg_232,936.2458025016023,1.7936077266848698,737.0941889239202,638.5324471989522,49.05894373800692,residential
neg_233,915.5121329859946,4.905681364647377,571.2316208026429,462.5057575951247,62.34388883734427,residential
neg_234,951.6243261708913,1.1869213487793686,416.49385595081424,725.6455508571272,63.4740128081105,residential
neg_235,914.7668680986101,4.729052550824365,205.72777053717863,692.865595174833,65.5514577673215,residential
neg_236,902.9432041937243,2.934811856751489,88.33304432186324,481.0006892745182,82.91661689665676,residential
neg_237,917.661898493735,3.3441021449038613,411.7785521379583,751.7567737737654,66.35357366954408,residential
neg_238,936.1675057325865,6.0234367678013445,1707.7415294197824,506.859188615896,26.95871051603899,residential
neg_239,905.9381983618623,2.049331971885354,33.757949719289236,339.7878996846135,43.98964942815962,park
neg_240,949.2683761661517,6.3234571922947875,340.7472683632393,148.77197775125458,38.66945057941159,park
neg_241,906.5521067814192,0.1810946812526586,144.01573512059989,90.75320955713218,67.09034513285845,residential
neg_242,934.3163341457187,1.350472612126994,136.44920234659133,432.7747135893999,54.62754323875428,residential
neg_243,928.1669356130476,0.0,20.13219108868438,696.5818159865978,67.05353163646734,residential
neg_244,917.6891441062577,1.5064362319002265,921.1626205665154,424.39625582423525,50.112664889910455,residential
neg_245,936.2079946807663,4.1657641944234465,252.06829997064855,204.18222236966875,45.43308642249207,residential
neg_246,897.5030181669771,4.475458129927262,154.52316227479167,572.2427860176997,80.34645222467545,park
neg_247,940.3635768039978,3.613550606947981,566.6180318612534,4501.257284118241,68.06004103077645,park
neg_248,919.0447395654464,3.5341839233306986,178.60274361876728,229.58081447159094,55.21321369026438,residential
neg_249,911.8634712520472,0.6533460465850571,1855.7449055021436,425.88337235539814,26.74175577899627,commercial
neg_250,931.2376107206012,0.3463363341474608,183.9667829842873,484.9939503700025,34.26822179993958,park
neg_251,935.8984852039887,3.6077800149739976,32.92315807805258,3091.099920874859,36.31251939420355,residential
neg_252,931.5469314593543,5.695613954611993,483.5460115776671,88.03766240162467,58.776241233418624,commercial
neg_253,949.9925573156748,2.2717304792705573,158.93064074281568,1165.3753697261247,40.82787067327632,residential
neg_254,936.2108911407515,0.46288076681937396,367.28788559207624,1831.9103092854568,81.40071255149769,residential
neg_255,939.252599486306,0.0,430.695747282589,64.79494207254076,74.84837653817326,industrial
neg_256,911.9020409423523,1.6386965707721286,170.09589391913477,529.9123318489004,56.70126587987059,industrial
neg_257,921.5978566559304,6.159087644338138,77.0568921420301,399.7182186105787,42.965083757773314,industrial
neg_258,928.4447387348829,2.584520924935177,40.53773845110367,410.87471798850197,49.94779363997132,residential
neg_259,919.7338664494506,0.9241132518871038,539.1391926743034,284.30590294824606,65.82146428859507,residential
neg_260,924.5245284975986,1.7810583116711405,163.5137427129916,2599.912477326682,60.42076164755331,residential
neg_261,926.3915714920186,2.0329100573936953,181.60101799376142,331.08605072895784,55.753551013220005,residential
neg_262,932.663658765223,3.5312268304434076,1163.943171439646,789.725410746802,83.45846993905664,commercial
neg_263,918.4758666384496,1.679967092848951,923.5228155045554,1504.3034870366478,53.007950459931024,commercial
neg_264,914.7530117691218,1.22012085065766,87.98408718065154,706.1816608501687,57.23903441190134,residential
neg_265,907.5752652467518,2.6239660309140462,54.977980781603364,275.55900251344235,71.07923141381369,industrial
neg_266,906.624015107866,3.9373406491924445,234.6906226879939,1006.8766694999226,65.41570745920038,commercial
neg_267,937.5867684101948,4.4340875358577,85.34032667065667,2013.9581056701604,81.61651864397774,park
neg_268,918.7321776799632,4.101064032534394,1050.4450099629155,561.6570342236007,50.15356703798647,industrial
neg_269,931.8041657163582,2.0850061406587335,152.54442776370075,963.1171315291377,44.426050611389044,residential
neg_270,900.5395423048587,0.0,348.5093372484963,1808.1521534745723,73.15727443121916,residential
neg_271,890.9274783824122,1.4029677142460262,65.60929647236455,538.7204049883625,62.5495555059168,commercial
neg_272,904.2636315350005,3.5681627865521026,970.55720601967,628.8010497672866,75.83836892250406,commercial
neg_273,937.1994045126426,0.3327294289801723,196.62392142598532,737.9475937063017,74.43532512054139,residential
neg_274,936.0211615974869,3.505238445965622,788.9906632940852,467.21814971396134,74.14024234070388,park
neg_275,924.9805791177813,1.8200481016453136,293.34074608076605,614.2084480747353,40.498408968962416,residential
neg_276,907.9674477476007,1.8356720929938328,348.31222178908394,447.97443806071,58.06450984429532,residential
neg_277,918.0379603765122,5.239014016044377,560.6241125274831,197.63165588563422,49.208937180147664,industrial
neg_278,915.5335928030161,3.4374652597571527,10.978097160349419,198.59136728844533,50.66068150705711,residential
neg_279,914.8253998085703,5.740512345652957,39.141372757904186,205.50194702287263,62.46679848367273,park
neg_280,882.4089524402655,1.1214940240745732,100.47852769688565,340.08617402851536,90.31804587990976,park
neg_281,907.1311042105671,5.261482384261692,553.5781996950875,49.80966461207,100.0,industrial
neg_282,917.1483668647664,4.818160820484223,436.59755032570064,227.59904456127848,43.542857230964,residential
neg_283,942.7464168471814,0.0,129.9981656554353,550.1047165595359,59.184647088738544,industrial
neg_284,922.4111458869762,2.8234585764609106,237.5728958307528,27.47014998606691,43.90137759888002,residential
neg_285,941.0133242939421,6.084448817847191,493.2849098980845,1113.169612966907,44.40402415419893,residential
neg_286,914.0943963686083,4.556114762335992,608.6083738656929,299.65273202702525,54.593634694874766,industrial
neg_287,916.2096712812829,2.1173576868640924,209.81430286461708,830.7286179111406,27.56519339421719,commercial
neg_288,861.508674049185,2.534419218656351,747.9935863141022,332.66249912689887,67.1906171332044,residential
neg_289,926.9499550881053,0.3939024375256044,39.45418917078209,1219.0423021296044,37.448426517078104,residential
neg_290,928.20643492009,3.412584980120456,602.9561615174185,158.85280168892757,56.50208185530622,commercial
neg_291,946.4563860433906,0.0,332.6078692227978,632.7758230449053,44.030746563786494,residential
neg_292,912.6985818381075,0.969386512027695,102.16340710674987,182.62327405887055,73.58950154706103,residential
neg_293,921.4123123429557,5.238328720930964,183.90018395245386,1029.3649307284848,76.00530482564696,residential
neg_294,909.4170806791838,2.9588699122493534,241.58176476572618,613.4781835304536,72.09077431513165,residential
neg_295,902.3561440261958,2.2731479022404883,105.641235667816,889.207146572501,58.7958159425655,commercial
neg_296,909.3033804989457,2.7881777538971124,346.56927120988206,36.23204812825255,27.809381567318574,commercial
neg_297,914.8250221387132,8.483788024974405,86.99691834443344,222.40294495647652,38.80503984244862,residential
neg_298,940.3315704300472,5.070375981516367,350.2372227765473,977.5480918902957,68.84566715346027,industrial
neg_299,920.0331740386007,1.4487172508087613,830.8154625320544,305.2653915706223,47.79990851869436,park
neg_300,908.1418278549819,6.333499500980707,1314.482791665347,140.38979749196082,53.583312951160636,park
neg_301,922.128167423626,2.82241012418289,41.19058687647897,600.1301325883553,70.281421292893,commercial
neg_302,923.2635703334005,4.479433866721927,948.445033680525,700.7178426348084,100.0,residential
neg_303,909.8565191603756,1.8267390944667143,14.003313401631168,5420.256656748695,45.090973154504496,residential
neg_304,937.1485043994439,1.1242880233639811,407.1115481659269,720.8236667669946,68.63221809527701,park
neg_305,891.6747666353502,4.603825322511533,311.1183821621218,519.5349354717786,48.579261366925465,industrial
neg_306,916.7968305787552,1.4622265012670475,336.4387689504731,472.607414126844,37.476050138243224,residential
neg_307,929.9759909844387,1.4373637690037022,12.289640899567269,2211.0732115567616,53.10400051502426,industrial
neg_308,899.9235122078471,4.79566859831841,618.7166731743987,4862.127533417192,54.94096311401288,residential
neg_309,925.4188062296506,0.6758619406107882,121.15590350242033,436.4882352796823,51.28068540658343,park
neg_310,939.393395752907,0.1614959965045073,924.4617241079645,315.42465439512813,70.17003856924677,residential
neg_311,926.8050689638545,4.090108792699991,338.621928475853,90.61689272721993,54.20716069968392,residential
neg_312,894.6476008553461,0.0,480.55950970164616,1767.9649802176239,18.753651041070853,industrial
neg_313,909.0770745884713,1.4965486866640756,69.24152141366096,1947.7591469107008,70.54927468918149,residential
neg_314,938.484551037564,2.2687077759989416,114.1407964230452,181.87008422704093,69.61293091698644,residential
neg_315,924.4750286759794,0.30938602012590977,48.63105472596758,1974.0458420835398,31.2933031035773,residential
neg_316,919.8521159226503,0.7652189571891963,144.5250199330085,640.4468687245327,46.47518711757005,residential
neg_317,926.6180089207323,4.331745856869901,502.19221901204844,1778.478111264727,50.35597275326994,residential
neg_318,930.8157342500881,3.5849061322441225,414.2794773303076,31.76154641059594,73.55509761497896,commercial
neg_319,909.3730214510301,1.1085770633993024,1047.6530485321687,634.5837798106566,54.984110361239196,residential
neg_320,915.6439987989056,4.058971132070183,391.10112382124885,2304.4547637860114,79.01247821954011,park
neg_321,922.1437047450023,6.038556882021332,838.9459764470713,47.3703561287129,44.84674932055537,industrial
neg_322,911.8406341731901,0.4351643801321199,262.8236157488318,282.8855848601487,77.04281789637113,residential
neg_323,917.9982266219412,3.122511589684136,283.369569773452,2742.8944115570735,60.03298672347951,commercial
neg_324,939.4680764177299,6.95330269506546,66.91141199945352,427.25923641910015,52.57658065337054,industrial
neg_325,905.4827020296192,4.222319778096838,827.5549006561043,1035.8485174355592,76.66502712947931,residential
neg_326,948.8999406370272,4.626770248201379,576.194004244574,1739.754952611403,75.92136137895942,commercial
neg_327,948.1901656607298,2.599694658999691,772.9763848298124,474.59800600338593,71.50691574653784,commercial
neg_328,894.2984084305353,1.4040724877247643,10.0,129.99410704497012,57.43323293216976,commercial
neg_329,917.8846600233047,5.286743389754723,243.70051327279208,279.4335714053067,80.93203514766707,residential
neg_330,925.1403735446852,4.307449888324063,10.349775885425084,1275.065755834368,83.8746938958916,park
neg_331,908.5869336874035,2.8969536295295932,387.97751266124834,348.9608982678573,53.77780377539765,residential
neg_332,908.8837924447291,2.069328550353339,201.01758336122032,330.12880294971234,62.15021351886959,residential
neg_333,916.4387645489818,0.0,308.58627921471395,172.00265181378467,29.67448271363448,residential
neg_334,931.0876713066732,3.3118124582380117,199.03915798816888,205.20916183146022,46.364507125259195,commercial
neg_335,912.3299924157936,1.6165744708725007,438.26087383929,1241.382462682139,79.47163177677504,residential
neg_336,947.4004071743018,2.736291463237901,341.8839204788181,130.72114442703972,40.891228447784364,residential
neg_337,924.349610035078,4.341950768506836,98.16697999862208,1532.2930858639354,66.67981141456119,residential
neg_338,918.4613707387501,4.6400054114072145,10.0,378.34781324244915,59.23739631703152,residential
neg_339,941.7388952769719,4.438001938091833,119.78245405642383,873.1416182585333,92.87153677735529,commercial
neg_340,929.3942179259053,7.51012866441055,81.03858811648055,1253.5105035013048,62.78817163225811,industrial
neg_341,925.5393016353136,5.330237058360298,97.32394311949105,2440.8693509243312,22.457513587045284,industrial
neg_342,915.0328942584571,1.5078436484545938,375.9599770434593,1488.0496053103404,51.54674621970711,residential
neg_343,947.2097842083913,1.3633961529052443,99.15095203950803,1017.2760574642542,68.44684111031937,residential
neg_344,932.1773238460999,7.656301449177966,715.1056129938892,1375.4723899251785,72.14900651713673,residential
neg_345,916.9488299608294,1.6733476834141652,52.93634299331843,906.1895253979789,69.28720771121442,industrial
neg_346,896.3420127397594,2.9117293149336723,26.340384757053226,75.85786736510777,85.4080202547531,industrial
neg_347,925.5942731264288,6.489718175512719,152.21626202364448,2046.0280321687542,65.05338717520267,industrial
neg_348,902.8438986184761,6.430631748991187,250.31229425524936,731.8385846512683,22.12540434588933,commercial
neg_349,894.2608107236252,2.8907359416746496,52.81565441417665,44.85807488126151,47.208518084952225,residential
neg_350,915.8127274179835,3.4838861630777562,10.0,1081.1590463825817,64.22736504477338,park
neg_351,924.2220665388593,0.0,468.7218902936954,1084.407944987886,46.31584151322881,residential
neg_352,939.2372185052475,1.183302598955825,252.81751250827367,665.8330333050402,66.95954264413203,industrial
neg_353,924.2367773792787,2.2694817397806437,670.1819663331414,153.73021371615437,65.67413516158426,residential
neg_354,932.0902929075612,2.988679661022664,141.23670075902655,952.7553798121182,92.25332500542038,commercial
neg_355,901.6117594216527,2.3533590478858417,233.2089604474354,1511.1973937027337,45.88845019588915,commercial
neg_356,919.6620173379866,3.304587963151464,659.279798159042,197.97306497116867,35.959544745576224,residential
neg_357,921.8631697895676,7.38540302779083,434.71551702728675,693.2855977204358,34.90592799680208,residential
neg_358,932.9336927692987,3.928681721798058,2030.6620553321611,716.6249916403093,50.48410817655496,commercial
neg_359,921.7409101014653,3.6174143755095507,443.80397091842417,929.2998153191115,70.00723764868675,residential
neg_360,932.061184371798,3.0036527117828333,36.75720127445096,339.5943182458301,56.86993560379575,residential
neg_361,912.4370112833429,2.656184790000454,1190.2379598629761,2402.4020225312784,46.214369325944325,industrial
neg_362,925.3693235931974,5.4658892004195,193.22294676362077,595.5797741280815,37.83076976331344,industrial
neg_363,926.2229960188164,1.0174771385690102,322.79832587915524,694.8115325513709,55.29477953008257,residential
neg_364,901.2533641312002,2.7488409498678843,159.51063771444495,564.2234620635852,72.40023809234972,residential
neg_365,922.6330794285146,0.8084455378311688,968.3541942047434,533.4321171587736,82.30635461392721,residential
neg_366,915.1945620957289,3.1742594038467873,118.18847802898883,227.214001369174,84.97071567302389,commercial
neg_367,891.4386807707594,3.238100644467258,333.5392418270385,1741.6791460853656,74.20607337059405,residential
neg_368,934.3761002021209,4.841013016226135,47.30052384695998,1151.0731050923453,66.0806932312185,commercial
neg_369,914.5721197954355,5.395323241632974,691.2998163416179,815.9996222101162,47.525857754650005,park
neg_370,907.2141491281121,4.326128666600319,414.8682850829126,203.10843820062937,66.22282506979741,residential
neg_371,914.3402488445928,6.244518574180711,79.16728681306829,174.8284354350758,89.67540987578852,park
neg_372,922.0730045472249,6.177006535945619,417.20114304999225,487.6207082611887,62.16041975401007,residential
neg_373,942.6186422652071,3.6307173761102653,1629.6078128977201,2382.345289575699,74.90685587945777,industrial
neg_374,917.511001954907,3.746693725250666,190.46784000014364,658.4820558168296,60.04897777277776,commercial
neg_375,927.0861124543777,0.0,90.60984335306777,3115.5750304002077,69.47246601529437,residential
neg_376,940.6036906534664,3.640486409455109,948.6667962581831,674.0493845219512,41.48032186377496,residential
neg_377,928.0032579691069,2.9898168922443116,114.09006557094052,428.99151132276467,34.384437900736096,residential
neg_378,936.0284623612819,0.0,68.33740181433143,162.30468881897343,40.33206413898607,industrial
neg_379,912.8523521157357,2.1372279363164033,56.31094361175811,2004.8664779005878,21.04537231870748,residential
neg_380,931.5657398971097,4.9148479335441655,118.56140955163401,1629.618832747695,77.19656114956462,residential
neg_381,919.1303599989546,0.5224513473663275,608.3237750418774,206.8512742658255,100.0,residential
neg_382,936.1161685623377,5.585902329369418,1022.0293776619166,1131.482858773119,55.82600083548525,park
neg_383,904.9466064201179,3.9495986374759573,708.033894533439,62.92815959139051,44.12112817057128,commercial
neg_384,908.3066337013588,2.543223819512912,367.87188904743016,89.96274986516255,67.11463762569306,industrial
neg_385,939.0309735905807,2.7153454256425613,589.3070132121424,163.572860927949,91.89140697138957,residential
neg_386,917.0587404114594,4.659854208499097,474.4915243106997,2349.081192995315,61.80971453820863,residential
neg_387,914.6155902994329,0.13721144097872706,369.50003138966474,1097.0798758974565,85.6836948276914,commercial
neg_388,921.1635862902535,7.081523879793884,353.3020245149688,452.71299360002,59.80948847088981,residential
neg_389,909.6575381397071,1.3731609409310443,862.1839657508439,371.7890699377616,64.6551785646814,industrial
neg_390,939.9791205279585,1.4694335161058218,17.553428330316123,292.49924451493484,29.67289033684018,commercial
neg_391,901.2625602248614,5.441536394378568,28.948481957700857,302.74535184280035,66.99355557419153,residential
neg_392,917.7410300245939,4.580104670023458,1889.3378904031483,75.98955426688228,41.392484655506706,commercial
neg_393,925.2042917855355,5.650783391299622,511.2996976362811,3114.695230489694,39.05155935730676,industrial
neg_394,918.4332939640016,5.091962147728959,45.6995088980066,1890.9960616219944,28.667080583614425,commercial
neg_395,907.9656868194818,3.75279185759623,94.14270721143671,76.57381540768566,72.01465140490387,residential
neg_396,906.9741620487122,0.44723170675382207,50.88141131931629,1484.176357648713,100.0,residential
neg_397,926.3809163873124,2.054320179922662,63.715669623245944,275.97105855851953,45.583455116678024,residential
neg_398,904.5427932474995,3.3968787292434524,57.41359974749663,589.6213007034432,54.60791212140911,residential
neg_399,929.6936405857256,2.9656348590793176,417.36516781256194,457.77593308284156,52.78794753006601,commercial
neg_400,897.1377745453207,0.0,1858.8557252387197,913.9629602430425,68.82252922047839,commercial
neg_401,911.6752535492498,5.088810718709977,496.6179361690883,661.0629914358854,79.66935716349516,commercial
neg_402,920.5445903355462,6.462284923942921,248.85656945890528,365.21973246154624,59.26584549861554,residential
neg_403,901.2177208483307,5.9281903973839185,753.2677082293869,894.9397959904711,51.996453679871465,industrial
neg_404,929.7801629528989,0.9642807470462449,131.57923116023568,103.53219120793126,24.05270008864862,commercial
neg_405,919.7219178003575,3.871933559477087,153.26271601120897,646.494512373471,72.6546357694722,residential
neg_406,904.4588947761569,0.0,243.26960751892707,675.1917626003617,61.585031952876776,residential
neg_407,897.216676553744,6.380036283966084,201.31111232676471,602.94912576821,23.844964800686896,park
neg_408,896.5161594294104,0.0,452.8937045925528,48.25357920705888,36.51888699938407,residential
neg_409,920.7655091769549,3.8210175264944066,27.13373745300796,980.0230973220865,40.276378522167555,residential
neg_410,902.647548394002,5.3251593772462105,21.767580213581134,1190.932350749619,51.08104786041233,commercial
neg_411,899.5268059890133,5.582643461861471,173.47282650953193,438.1767578549838,42.048598147949036,commercial
neg_412,916.5316109676169,3.6879410294258173,177.67699704356687,533.0630645311087,75.55276694408998,residential
neg_413,954.1625078727955,0.1486999017865167,323.4177525297976,121.19879331685246,40.974790834102635,park
neg_414,924.1631054185019,2.797648413911429,126.81056507021236,950.097446405237,49.897160736174705,park
neg_415,931.4437825025091,2.4633630516301026,114.20408750967643,1240.2401634503306,39.06917805182893,industrial
neg_416,923.1907751940296,3.7367183180938954,1381.5942034370864,2580.674213581021,73.8169612284726,commercial
neg_417,931.7447324916288,4.975491968031498,10.0,99.11590859524532,51.37894849088388,residential
neg_418,899.8536702430257,4.32408176461659,117.8434434459617,231.78483251192685,60.10637299582413,park
neg_419,913.5423204471113,7.243233115339074,315.0674015829699,719.9715146425892,71.05306136107755,commercial
neg_420,923.9202626841505,4.322101710244434,206.36816643621808,3289.0202136255716,59.79457944464211,industrial
neg_421,919.7312477591754,2.2223649833882337,632.0595454199546,85.46398246942219,57.162608607581454,commercial
neg_422,917.1201016983186,6.259959104320364,634.121011295536,1580.5357101200793,75.0416375157232,residential
neg_423,910.011858803856,2.3709438701106755,1051.196188218332,13.831618383569785,67.49308588886142,residential
neg_424,916.124253459437,3.563727021908775,2295.5062531335757,2954.761226070772,62.317387700828434,commercial
neg_425,908.3870326416301,3.3615558527272063,43.594976866303355,1199.0737487263166,52.30360687304955,industrial
neg_426,883.6725047771033,0.0,652.2303150437237,710.3612541031199,63.261782524538056,commercial
neg_427,902.0823733744162,3.5536399068485656,723.0432933390673,609.2001571938761,45.6168876772772,commercial
neg_428,927.1347940831166,3.578879907001186,402.9052129259319,1207.6640865646661,89.91273371715192,residential
neg_429,943.3561693350745,2.580589890055237,112.97717773947382,1245.4707408153708,65.67530687713173,commercial
neg_430,947.2037025698553,2.717426049481606,938.0709994227806,992.7151381798989,69.00646525617385,residential
neg_431,921.4512761553307,0.43119301295630574,277.67972484527854,280.04285500474646,47.17363197667498,commercial
neg_432,933.400754351662,3.164926617676007,1812.8013725370251,195.38128286493568,55.53636655367784,residential
neg_433,933.6196686606609,6.0058509728037235,186.1431924410655,1094.5736447532554,73.80528328476359,industrial
neg_434,909.6161122419788,2.6454608639780326,933.1853754090611,363.36338184477614,21.016438586330032,industrial
neg_435,894.530902543091,1.9557484970288597,107.03752289078794,659.1665247430673,54.58878807707086,residential
neg_436,920.4633097903222,1.7845422103797968,128.4720781939396,796.1339942768435,47.16426560233379,residential
neg_437,893.566985041392,7.034175816374663,1658.7714263409339,816.8972520653455,37.32023927958714,commercial
neg_438,915.2010558056776,0.2895130222458735,114.97901408155904,138.53211705217726,73.60817474878802,residential
neg_439,929.1217563018405,4.689899534673715,24.10507094491061,69.19565807733139,44.64122302452983,industrial
neg_440,898.6989576784999,3.2228236102933603,212.58639065829098,2093.735099981768,39.21174047161362,residential
neg_441,920.4844307589746,6.84179284691397,444.40072958060045,122.26849663907996,80.02285197820942,residential
neg_442,938.600271729636,5.6225308417680715,121.65275296775081,165.5375907250912,22.421862671182552,residential
neg_443,925.4226871103144,2.8233639480759734,310.5548267547638,1706.6160191453228,80.67085467773049,residential
neg_444,927.8348255112452,0.0,215.01345095605814,615.7795646415534,81.32282564165504,commercial
neg_445,933.6011062072512,5.859279686543818,192.5140244513813,205.58456976706822,19.110642603187806,park
neg_446,945.9944460819677,5.916087335288715,231.20054954997914,64.80878701201891,55.44053080060394,industrial
neg_447,922.2713462258478,0.7901960109630806,1397.156786499565,2864.181988599797,65.73642296556288,commercial
neg_448,938.4425129214969,4.490466994410262,277.924747465754,790.6195998283995,80.35595344211202,park
neg_449,919.0374617549386,1.3984669022812037,70.1697876843956,1107.4493595802812,49.388850526481576,commercial
neg_450,911.8074677684978,1.4476193872707839,531.1343912449404,354.8558073990647,56.6838579599477,commercial
neg_451,924.7223145442634,0.0,920.6320244712944,2411.4869903422696,74.8920566314843,residential
neg_452,910.912807280125,4.865810454998624,371.1342682079142,64.05467088684748,41.965157160251884,residential
neg_453,911.4030617635016,3.5422568521986197,10.0,319.1617023275482,71.64240845983193,commercial
neg_454,910.8838905433663,3.988999461416646,1285.7421988970855,218.0871555758314,82.1019454511513,industrial
neg_455,885.5686370670026,5.904949873453513,501.1828942564121,283.9456646587538,39.02562506659884,park
neg_456,921.5824921649089,4.33724927318697,86.71296833278276,1413.6751748829804,65.98764336342879,industrial
neg_457,901.042469621068,4.169125513672278,373.5842876031283,221.6829324496983,61.56029413809799,residential
neg_458,918.3909631899759,4.498547758133325,95.51716393938733,895.9482639520081,38.99132160631503,residential
neg_459,941.7495317072725,0.8708563115892494,747.3985292426808,44.446492820854886,63.0349984094024,industrial
neg_460,912.1849951533907,2.931069730768615,239.79674790248188,1828.7360897739409,54.84644939209047,residential
neg_461,911.8698626232879,0.587476890707499,53.5632062733474,338.66155046876713,44.12456311001807,residential
neg_462,940.458640767527,1.2001737787836784,190.86617367593863,72.61892208806773,52.776097999188856,residential
neg_463,928.1945864819645,2.8163669970119747,581.0739665408569,392.72841599301887,40.460330084535904,residential
neg_464,934.6479064602896,5.123775236349375,291.85423460324404,326.7654787619119,67.96334473711931,residential
neg_465,914.6706314901951,7.116428027797917,607.5350353893813,713.807946691179,68.19102734931553,park
neg_466,931.221248193064,0.8296136742149449,195.515156848966,302.4541809529216,75.13099041463501,residential
neg_467,909.707471162648,3.3466608327169656,349.9811770710201,1458.6574547222267,62.007705872890234,residential
neg_468,909.8599741156715,2.8581791275877224,589.8693373598828,351.1562816988135,64.21966571446369,residential
neg_469,928.943664173076,4.054471244845784,10.120039233212434,417.1150965121046,48.81869477847655,industrial
neg_470,911.0244024309092,4.164819764617935,656.1802016037338,651.7346853444335,73.03116339603207,residential
neg_471,931.5067781486594,3.7248423285918584,309.61448925209885,492.6792605586697,47.50084941429766,industrial
neg_472,955.8752680314394,1.0656469151050445,1678.790887454989,146.81926126685806,71.29279613934025,industrial
neg_473,894.7077119457907,3.7893508459056555,280.114839839845,54.410809050577335,50.84487497072585,residential
neg_474,908.7169343581813,4.784653426155543,67.48920613106584,1023.0398270604563,44.51363777980897,park
neg_475,936.8021927276401,1.973218335106995,692.4076685491822,1398.7996320858572,67.793673353223,industrial
neg_476,917.8238274576016,6.9563298471810775,370.87445525617613,727.806248748594,92.69101896450928,park
neg_477,937.4163477468886,2.5301736361061917,399.1203817528381,1115.774289422442,77.12097639676043,park
neg_478,904.8490359030064,1.7322796044108182,136.88084933994787,233.4820369914823,51.012736311548565,residential
neg_479,924.9701626671196,3.592758076815863,519.0760756116563,357.61498442703606,32.20950038243366,park
neg_480,917.7416552326573,2.484821031720808,223.68294036475893,3252.445256933001,29.942973638639753,residential
neg_481,922.1055608431002,0.26565437178903206,10.0,273.73554512839246,65.60578952727583,commercial
neg_482,924.9667402858305,2.9476864269540632,116.72675769310862,225.8045287141983,63.27569083834381,commercial
neg_483,901.6999045601607,6.191404881796811,191.45673570615304,879.4588668465037,21.39972278442874,residential
neg_484,903.8879377196106,7.005064634879672,210.93766087749398,2418.1448308886393,56.821696693466436,industrial
neg_485,940.9886601034314,1.8659170790185544,719.474540693683,183.45183050419175,81.53981968455949,residential
neg_486,924.3982056737143,4.810549207283631,1017.1484113811905,327.4648693211257,59.488231528462364,park
neg_487,921.5951949942894,3.265058909706163,111.81639009129354,2742.9534093065386,59.35276315924518,residential
neg_488,919.3388791607968,3.567773259304612,205.14332736877742,354.0535144899921,36.796157640747914,park
neg_489,925.3481374805917,5.53474242642748,1619.454076074824,10.0,73.79248067055717,residential
neg_490,902.6609489089183,4.704143056578085,218.11350576261992,701.1097476132684,45.86582875336547,commercial
neg_491,905.014590021569,3.3086408315229834,187.98899970091233,763.6746854435883,48.59369963252988,residential
neg_492,939.5676237080964,1.142511428628867,365.03579805803133,1457.7220098819694,82.923334557917,residential
neg_493,922.2691283277074,0.7520383168682963,106.62009159901542,35.77418155743571,39.73543437681487,residential
neg_494,932.7545131048105,2.8719637791053723,25.192629590970828,572.0445353071051,55.949488873231026,residential
neg_495,910.9150398961809,3.647226654933765,476.7978309646019,215.0084258945139,59.79792354798266,residential
neg_496,940.6508807053896,4.006343784518151,168.16851323868298,708.6508019879494,67.70374483352361,residential
neg_497,925.1791760797928,4.5639387067513075,23.688630469711462,180.9487046111175,90.7568882214685,residential
neg_498,927.2186872887513,4.959170257596185,903.3229179561733,548.7509816758195,59.63319699457453,park
neg_499,928.2309400657367,0.0,82.52905985230264,278.09422840295184,70.44246996045331,park
neg_500,908.0448614094181,4.806880666059262,195.18602665192208,1261.8601833340342,58.153885743788784,residential
neg_501,892.0141870489991,0.9051044468389509,348.8969854906799,867.667464198621,26.51866936259414,commercial
neg_502,903.8779599937235,5.228137149513946,599.8624905456619,1581.813795765231,82.2467676015602,residential
neg_503,944.4578428607954,3.673288655884597,12.205711744421151,390.0980794156201,74.64856781280335,residential
neg_504,939.5102595548072,4.261119635574069,444.00901708708193,1265.3294180936473,84.02701518613108,commercial
neg_505,914.7961794803305,1.9181485035918473,229.4497507375706,1446.2054144791484,38.95873769886729,industrial
neg_506,915.4748550944578,3.5653026427320764,337.27956095719406,128.60071455261087,62.83843406849096,industrial
neg_507,935.5490881585378,0.0,126.3137278595241,141.29401391412907,98.02553159246884,residential
neg_508,917.4738519086962,5.19049323340915,142.22020118070074,1064.6014970026574,100.0,residential
neg_509,900.5111019480383,2.3383225227183666,246.4210011581811,201.38790639557502,61.50744073002681,industrial
neg_510,938.9831463889424,0.0,1068.2508255496093,1435.465899577918,65.92176979412662,residential
neg_511,927.157678668709,5.122967107318449,403.7583562147287,140.41720100180152,40.80028601434945,residential
neg_512,882.2549042749467,6.353547453304774,586.2621962416875,750.3717791629902,55.88220199177956,park
neg_513,915.3021484170519,1.2477409671919792,10.0,1771.4299623223167,44.69083476762894,commercial
neg_514,922.1550530492651,5.425419771585499,1069.233175141267,1241.426423628801,80.91530679537382,residential
neg_515,927.2187024058818,1.5004890977752152,51.87717724528931,992.3064547117119,51.93363768483235,residential
neg_516,922.2822678396745,0.0,239.9244336395346,311.3116225661609,58.17279006448592,commercial
neg_517,910.4638730413457,2.284215051441345,1569.4202907446022,566.8422234107486,75.8887242179568,industrial
neg_518,918.2636143395501,3.6522729039858692,142.4663388103465,1865.0940528820588,57.35999516346612,park
neg_519,924.422004769154,3.2671022587556036,412.40974745502876,298.95494769175315,80.79356672759597,commercial
neg_520,915.9799387157898,3.207195898989282,54.49217836267378,610.951749456373,56.63252372688148,residential
neg_521,914.4214892044068,3.5928457155246365,539.8482696309267,359.68166674790183,74.97563276426031,residential
neg_522,938.7812590799723,3.4331113272457805,136.5694973779433,1028.4179772138332,39.769480319590144,park
neg_523,905.8008847209612,2.5679233930842766,121.12178456872861,567.4184453484902,59.65727461909537,park
neg_524,914.7580479333513,1.7972372536933892,199.4406528620347,144.73077945844216,30.48941842783474,commercial
neg_525,889.5309648042637,2.46839830490656,181.88915513930104,202.08079191371945,42.74259841839917,residential
neg_526,928.1145494517712,2.296654867683943,64.27822383969783,14.837116307266147,45.23870427659797,residential
neg_527,932.4239668977033,2.3941547531301928,279.82698887714486,939.2042446386331,98.65810118323333,residential
neg_528,928.2273024889488,0.7940931374290874,344.6167540322866,215.91865125960558,38.82621414948323,commercial
neg_529,933.7650873119185,1.9148112309656546,488.36863167292756,211.68912277779987,98.76493974508529,residential
neg_530,926.6106011714534,3.1644523775702296,409.6527105438737,854.4580389780672,73.20623306309534,residential
neg_531,925.1377308643011,3.6188378208727854,910.6627748164572,574.9930129892335,69.23763450100373,residential
neg_532,927.1092060048202,2.871942104962634,121.21030279943676,1113.0486436475783,45.41625947070665,residential
neg_533,915.9903735207008,2.6326801715293344,488.01688138836835,119.11542076250186,76.28120375883358,commercial
neg_534,937.824917938946,4.068899747144327,241.2479714282,256.640366022716,97.7431609238686,residential
neg_535,914.7714190247876,4.628937321230087,429.30469732847774,918.2125660957088,79.57824541344706,park
neg_536,898.0647211226722,4.360159757400969,86.44960598792612,142.3004423582231,67.9553108168328,park
neg_537,932.7467542042767,0.0,252.03404710530108,1409.7058523361925,61.52471943016949,residential
neg_538,947.7605416992723,2.0891898174912664,493.5961714223338,1049.2359464375024,73.81572486283414,industrial
neg_539,905.5977332106405,4.4113091740706505,643.231422974229,521.1606461055451,63.18335806529742,residential
neg_540,918.4755330561071,4.030794647354142,393.67600906588274,144.85854243026262,55.85499929549289,residential
neg_541,909.7183698392296,4.359621202609485,120.53972371013704,373.520738708262,77.40629199539626,commercial
neg_542,914.2912512480873,3.628703016038852,30.015295781580043,208.0356231377569,53.371026195057965,commercial
neg_543,920.6913945766948,1.2929263953771464,878.1945761524067,498.9958929398914,77.74879549336053,commercial
neg_544,901.3728732082825,5.445129064681615,202.82956248289938,172.94282759081256,100.0,residential
neg_545,915.8351949309907,0.2808222515734595,192.75176192374806,82.70090806220782,79.20397855568751,residential
neg_546,898.0104892042642,4.971515584847477,459.9853785778843,493.8529783259825,50.3532745657362,industrial
neg_547,911.4765854308778,2.967249737518801,39.60997284835602,252.37149201236906,56.25966321100583,residential
neg_548,902.2089551902027,0.05469155142667281,344.95788831480405,804.4294396066869,81.21198785980154,industrial
neg_549,904.1140895080978,2.20768239889274,1734.2323212173276,433.78176522210106,43.526617003417584,commercial
neg_550,894.201339790127,5.407503493034132,161.29445770761515,431.4325489919697,97.36673600360562,residential
neg_551,938.2903188309895,1.8231966603389838,138.04852585666427,620.5968476258456,56.09837902500751,residential
neg_552,927.6358862710932,0.5787952063713471,501.5479568901706,1133.7716387096877,62.77160588935782,residential
neg_553,891.2380393481526,2.422419432482391,106.44372388056192,103.29352822359922,68.4403958254906,commercial
neg_554,911.0475860892818,1.3638500829168883,207.4280878970044,886.4116783948599,100.0,commercial
neg_555,909.9434210014539,0.49880004154281554,10.0,28.446755493036463,58.25070156356201,industrial
neg_556,909.635838077471,3.8750755044539416,17.36400302719454,40.32759214601164,48.55342556289965,industrial
neg_557,898.2967473116528,4.59634461519561,969.9620542397714,1260.4609557499373,51.92587510795478,residential
neg_558,931.3157858205268,1.8965371656177559,55.68050114895399,632.2624781029688,73.14941274158342,residential
neg_559,914.06204321738,4.047245847289771,168.87897246711623,305.37262707207407,93.92757835213747,residential
neg_560,927.0222336423427,2.225945970160955,170.26664325532082,912.0175804963683,39.655130913128865,residential
neg_561,927.9013364774964,2.80057174168636,167.367940679678,10.0,52.949231177717614,residential
neg_562,940.6316796750633,3.246804821985137,431.79989163416616,91.39352249526304,55.61411345952579,residential
neg_563,892.7769158338529,5.986567082784033,67.41972033953029,1913.274471821312,52.278615388285836,residential
neg_564,946.0790316713743,4.015117730344058,771.4521165411064,170.4823908408145,90.02095765193272,commercial
neg_565,939.0322291083685,1.001773782920225,897.2706269542388,870.6618399483933,77.71315732562266,commercial
neg_566,928.5959898850326,4.031658471499993,451.3344548500124,334.63838314149086,88.32852594423505,residential
neg_567,955.7538834385117,2.5576234595265346,175.5851530774168,716.8406234078578,50.405144902703114,industrial
neg_568,923.0746789689084,2.0672791821847794,179.5191365905468,956.7694705477029,38.064145358494834,residential
neg_569,932.3221837410533,1.3204772849600193,181.97885781653844,197.63619688569307,58.97768218065296,residential
